-- phpMyAdmin SQL Dump
-- http://www.phpmyadmin.net
--
-- 生成日期: 2018 年 03 月 17 日 10:05

SET SQL_MODE="NO_AUTO_VALUE_ON_ZERO";
SET time_zone = "+00:00";


/*!40101 SET @OLD_CHARACTER_SET_CLIENT=@@CHARACTER_SET_CLIENT */;
/*!40101 SET @OLD_CHARACTER_SET_RESULTS=@@CHARACTER_SET_RESULTS */;
/*!40101 SET @OLD_COLLATION_CONNECTION=@@COLLATION_CONNECTION */;
/*!40101 SET NAMES utf8 */;

--
-- 数据库: `cFgsXTGZYKmXVerQBwIR`
--

-- --------------------------------------------------------

--
-- 表的结构 `account`
--

CREATE TABLE IF NOT EXISTS `account` (
  `accountid` int(11) NOT NULL AUTO_INCREMENT,
  `uid` int(11) DEFAULT NULL,
  `money` int(11) DEFAULT NULL,
  PRIMARY KEY (`accountid`)
) ENGINE=MyISAM DEFAULT CHARSET=utf8 AUTO_INCREMENT=1 ;

-- --------------------------------------------------------

--
-- 表的结构 `admin`
--

CREATE TABLE IF NOT EXISTS `admin` (
  `aid` int(11) NOT NULL AUTO_INCREMENT,
  `aname` varchar(255) DEFAULT NULL,
  `apass` varchar(32) DEFAULT NULL,
  `level` tinyint(2) DEFAULT NULL,
  `ahead` varchar(1000) NOT NULL,
  `date` timestamp NOT NULL DEFAULT CURRENT_TIMESTAMP,
  PRIMARY KEY (`aid`)
) ENGINE=MyISAM  DEFAULT CHARSET=utf8 AUTO_INCREMENT=14 ;

--
-- 转存表中的数据 `admin`
--

INSERT INTO `admin` (`aid`, `aname`, `apass`, `level`, `ahead`, `date`) VALUES
(1, '张聪', '96e79218965eb72c92a549dd5a330112', 1, 'upload/17-11-02/15096352169789car1.jpg', '2017-11-02 15:06:57'),
(2, '薄婷', '96e79218965eb72c92a549dd5a330112', 2, 'upload/17-11-02/15096352353873car2.jpg', '2017-11-02 15:07:16'),
(3, '韩飞', '96e79218965eb72c92a549dd5a330112', 3, 'upload/17-11-02/15096352573958logo.jpg', '2017-11-02 15:07:38'),
(4, '侯斌', '96e79218965eb72c92a549dd5a330112', 3, 'upload/17-11-02/15096352761141myhead.png', '2017-11-02 15:07:57'),
(5, '唐浩云', '96e79218965eb72c92a549dd5a330112', 3, 'upload/17-11-02/15096353052673car2.jpg', '2017-11-02 15:08:26'),
(6, '李茹', '96e79218965eb72c92a549dd5a330112', 3, 'upload/17-11-02/15096353276412car1.jpg', '2017-11-02 15:08:48'),
(7, '刘志攀', '96e79218965eb72c92a549dd5a330112', 2, 'upload/17-11-02/15096353496208myhead.png', '2017-11-02 15:09:10'),
(8, '景甜', '96e79218965eb72c92a549dd5a330112', 3, 'upload/17-11-02/15096353749490car1.jpg', '2017-11-02 15:09:35'),
(9, '刘秉贤', '96e79218965eb72c92a549dd5a330112', 3, 'upload/17-11-02/15096353973273logo.jpg', '2017-11-02 15:09:58'),
(10, '王一平', '96e79218965eb72c92a549dd5a330112', 3, 'upload/17-11-02/15096354189868car2.jpg', '2017-11-02 15:10:19'),
(11, '李小兰', '96e79218965eb72c92a549dd5a330112', 3, 'upload/17-11-02/15096354348517car1.jpg', '2017-11-02 15:10:35'),
(12, '孔玉玉', '96e79218965eb72c92a549dd5a330112', 3, 'upload/17-11-02/15096354494224car2.jpg', '2017-11-02 15:10:50'),
(13, '陈玉珍', '96e79218965eb72c92a549dd5a330112', 3, 'upload/17-11-02/15096364063204car1.jpg', '2017-11-02 15:26:46');

-- --------------------------------------------------------

--
-- 表的结构 `articallevel`
--

CREATE TABLE IF NOT EXISTS `articallevel` (
  `alid` int(11) NOT NULL AUTO_INCREMENT,
  `alname` varchar(20) NOT NULL,
  PRIMARY KEY (`alid`)
) ENGINE=MyISAM  DEFAULT CHARSET=utf8 AUTO_INCREMENT=11 ;

--
-- 转存表中的数据 `articallevel`
--

INSERT INTO `articallevel` (`alid`, `alname`) VALUES
(1, '普通文章'),
(2, '精华文章'),
(3, '极品文章');

-- --------------------------------------------------------

--
-- 表的结构 `attention`
--

CREATE TABLE IF NOT EXISTS `attention` (
  `attid` int(11) NOT NULL AUTO_INCREMENT,
  `uid1` int(21) DEFAULT NULL COMMENT '被关注者',
  `uid2` int(21) DEFAULT NULL COMMENT '关注者',
  PRIMARY KEY (`attid`)
) ENGINE=MyISAM  DEFAULT CHARSET=utf8 AUTO_INCREMENT=55 ;

--
-- 转存表中的数据 `attention`
--

INSERT INTO `attention` (`attid`, `uid1`, `uid2`) VALUES
(54, 15, 15),
(49, 15, 8),
(48, 15, 7),
(51, 15, 6);

-- --------------------------------------------------------

--
-- 表的结构 `buy`
--

CREATE TABLE IF NOT EXISTS `buy` (
  `buyid` int(11) NOT NULL AUTO_INCREMENT,
  `conid` int(11) DEFAULT NULL,
  `uid` int(11) DEFAULT NULL,
  `buydate` timestamp NULL DEFAULT CURRENT_TIMESTAMP ON UPDATE CURRENT_TIMESTAMP,
  PRIMARY KEY (`buyid`)
) ENGINE=MyISAM DEFAULT CHARSET=utf8 AUTO_INCREMENT=1 ;

-- --------------------------------------------------------

--
-- 表的结构 `car`
--

CREATE TABLE IF NOT EXISTS `car` (
  `carid` int(11) NOT NULL AUTO_INCREMENT,
  `conid` int(11) DEFAULT NULL,
  `uid` int(11) DEFAULT NULL,
  `state` tinyint(2) DEFAULT NULL COMMENT '状态  判断是在购物车还是订单   0购物车   1订单',
  `date` int(11) DEFAULT NULL,
  PRIMARY KEY (`carid`)
) ENGINE=MyISAM DEFAULT CHARSET=utf8 AUTO_INCREMENT=1 ;

-- --------------------------------------------------------

--
-- 表的结构 `category`
--

CREATE TABLE IF NOT EXISTS `category` (
  `cid` int(11) NOT NULL AUTO_INCREMENT,
  `cname` varchar(30) DEFAULT NULL,
  `cimage` varchar(1000) DEFAULT NULL,
  `climit` tinyint(2) DEFAULT NULL,
  `pid` int(11) NOT NULL,
  `cinfo` varchar(500) NOT NULL,
  PRIMARY KEY (`cid`)
) ENGINE=MyISAM  DEFAULT CHARSET=utf8 AUTO_INCREMENT=32 ;

--
-- 转存表中的数据 `category`
--

INSERT INTO `category` (`cid`, `cname`, `cimage`, `climit`, `pid`, `cinfo`) VALUES
(15, '心理', 'upload/17-11-16/15108487409303cat6.jpg', NULL, 0, '本专题仅收录主题与心理学知识、心理健康与内在成长、咨询理论及实务有关的原创文章，内容须兼顾科学性与生活性，能让读者获益或激发共鸣。'),
(14, '短篇小说', 'upload/17-11-16/15108488746751cat2.jpg', NULL, 0, '借一斑略知全豹 ，以一目尽传精神。'),
(13, '摄影', 'upload/17-11-16/15108488487450cat1.jpg', NULL, 0, '生活本无趣   \r\n光影挽留年 \r\n用图片 说故事 \r\n记录生活 记录美好 '),
(12, '谈谈情，说说爱', 'upload/17-11-16/15108487925961cat3.jpg', NULL, 0, '柏拉图说每个恋爱中的人都是诗人，这里并不要求你一定要写得诗情画意，态度认真就好'),
(16, '@IT·互联网', 'upload/17-11-16/15108488206132cat4.jpg', NULL, 0, '@IT 专题 由 IT大分类，转定位于IT·互联网行业观察与思考，数码产品极客体验。'),
(17, '旅行·在路上', 'upload/17-11-16/15108488746751cat2.jpg', NULL, 0, '邂逅一座城池，讲述一段故事。'),
(18, '简书交友', 'upload/17-11-16/15108488487450cat1.jpg', NULL, 0, '据说在简书认真写作的人都可以在这里找到TA的灵魂伴侣。');

-- --------------------------------------------------------

--
-- 表的结构 `collect`
--

CREATE TABLE IF NOT EXISTS `collect` (
  `colid` int(11) NOT NULL AUTO_INCREMENT,
  `conid` int(11) DEFAULT NULL,
  `uid` int(11) DEFAULT NULL,
  PRIMARY KEY (`colid`)
) ENGINE=MyISAM DEFAULT CHARSET=utf8 AUTO_INCREMENT=1 ;

-- --------------------------------------------------------

--
-- 表的结构 `content`
--

CREATE TABLE IF NOT EXISTS `content` (
  `conid` int(11) NOT NULL AUTO_INCREMENT,
  `ctitle` varchar(255) DEFAULT NULL,
  `con` varchar(2550) DEFAULT NULL,
  `uid` int(11) DEFAULT NULL,
  `climit` int(2) DEFAULT NULL,
  `thumb` varchar(255) DEFAULT NULL,
  `condate` timestamp NULL DEFAULT CURRENT_TIMESTAMP ON UPDATE CURRENT_TIMESTAMP,
  `catid` int(11) DEFAULT NULL,
  `price` int(10) DEFAULT NULL,
  `state` tinyint(2) NOT NULL,
  `pid` varchar(11) NOT NULL,
  PRIMARY KEY (`conid`)
) ENGINE=MyISAM  DEFAULT CHARSET=utf8 AUTO_INCREMENT=21 ;

--
-- 转存表中的数据 `content`
--

INSERT INTO `content` (`conid`, `ctitle`, `con`, `uid`, `climit`, `thumb`, `condate`, `catid`, `price`, `state`, `pid`) VALUES
(1, '才子陆游和才女唐婉的爱情绝唱', '<p>才子陆游和才女唐婉的爱情绝唱</p><p>才子陆游和才女唐婉的爱情绝唱</p><p>才子陆游和才女唐婉的爱情绝唱</p><p>才子陆游和才女唐婉的爱情绝唱</p><p>才子陆游和才女唐婉的爱情绝唱</p><p>才子陆游和才女唐婉的爱情绝唱</p>', 15, NULL, 'upload/17-11-18/151097598032492.jpeg', '2017-11-18 03:33:09', 15, 22, 1, '1'),
(2, '你好', '<p>你好呀</p>', 15, NULL, 'upload/17-11-14/15106409503016car1.jpg', '2017-11-18 03:37:56', 15, 0, 1, '1'),
(3, '哈喽', '<p>哈喽</p>', 15, NULL, 'upload/17-11-14/15106410363175car1.jpg', '2017-11-18 03:39:07', 15, 0, 1, '2'),
(4, '文章', '&lt;p&gt;阿萨德&lt;/p&gt;', 15, NULL, 'upload/17-11-14/15106412307044car1.jpg', '2017-11-14 06:33:57', 15, 11, 1, '1'),
(5, '哈哈哈1', '<p>阿萨德</p>', 15, NULL, 'upload/17-11-14/15106412885254car1.jpg', '2017-11-18 03:47:02', 15, 11, 1, '1'),
(6, '假如我有一双翅膀', '<p>说起稻城亚丁这个名字，我必须要先讲一个故事，可以让我笑一辈子的梗。</p><p>我第一次听到稻城亚丁这四个字的时候，脑子里硬生生的浮现了一幅亚当站立在一片金黄的稻田里的画面。我也不知道我这是怎么了，可能我比较单纯，字面意思理解了。</p><p>然后当我真的去这里的时候，在路上给外婆打了个电话说我去稻城的路上了。</p><p>外婆提高嗓门在电话里对我说：稻城是专门种水稻的地方吗？那干嘛要去哪儿呀，你快会回来吧，我们这里多的是，看都看不完。</p><p>每次想起这个梗我都会笑，然后怀念和她老人家一起的每一个日子。</p><p>其实，最先了解稻城亚丁，是从一位在路上遇到的老者开始的。</p><p>然后，自己又去看了网上的照片，从照片上看到了那里纯净无污染的原生态美景。</p><p>后来开始更深入地去了解她的面貌，她的文化。之前就有一位叫洛克的人最早发现了这里，也有一位叫希尔顿的人以这里为灵感写就了《消失的地平线》。</p><p><br/></p>', 15, NULL, 'upload/17-11-18/151097691137762.jpeg', '2017-11-18 03:48:32', 15, 321, 3, '1'),
(13, '你好', '<p>你好</p>', 6, NULL, 'upload/17-11-18/151098901875045.jpeg', '2017-11-18 07:10:22', 15, 32, 1, '1'),
(16, '写作小白，如何修改自己的文章', '<p>说起稻城亚丁这个名字，我必须要先讲一个故事，可以让我笑一辈子的梗。</p><p>我第一次听到稻城亚丁这四个字的时候，脑子里硬生生的浮现了一幅亚当站立在一片金黄的稻田里的画面。我也不知道我这是怎么了，可能我比较单纯，字面意思理解了。</p><p>然后当我真的去这里的时候，在路上给外婆打了个电话说我去稻城的路上了。</p><p>外婆提高嗓门在电话里对我说：稻城是专门种水稻的地方吗？那干嘛要去哪儿呀，你快会回来吧，我们这里多的是，看都看不完。</p><p>每次想起这个梗我都会笑，然后怀念和她老人家一起的每一个日子。</p><p>其实，最先了解稻城亚丁，是从一位在路上遇到的老者开始的。</p><p>然后，自己又去看了网上的照片，从照片上看到了那里纯净无污染的原生态美景。</p><p>后来开始更深入地去了解她的面貌，她的文化。之前就有一位叫洛克的人最早发现了这里，也有一位叫希尔顿的人以这里为灵感写就了《消失的地平线》。</p><p><br/></p>', 15, NULL, 'upload/17-12-10/15128954116636wenz4.png', '2017-12-10 08:43:33', 15, 321, 3, '1'),
(7, '风雪夜归人', '<p>\n    前些天，我收到一条很暖的读者留言，发送的时间是03:34。\n</p>\n<p>\n    梦中惊醒，突然很想念你的文字，打开你微信看了一下，淡定了一下心情，继续睡去。你永远不知道，你会用怎样不经意的方式影响别人的一生，哪怕是一瞬间的心动。\n</p>\n<p>\n    说真的，我看哭了。这样的感动不可多得，平日里，只有那些数学基础薄弱，但因为我是他们的数学老师，深夜了还在解题的学生能给到。\n</p>\n<p>\n    缘分是一种很微妙的东西，就像一辆刹车失灵后向你驶来的车，早走一步晚走一步，都不会迎头撞上。\n</p>\n<p>\n    如果说这些年我的生命里还有一丝亮色，那么就只剩下这个公众号了，尽管我知道，最终它也会像我曾遇见过的那些生命亮色一样消失无踪。\n</p>\n<p>\n    我是一个以悲凉为底色的人，常常找不到存在的意义，不知道为什么要活着，但凡生命里遇到一点点感动，都会紧紧攥住。\n</p>\n<p>\n    一个人开车的时候，我喜欢听杨宗纬的《其实都没有》，歌词唱的全是我的心情：\n</p>\n<p>\n    我在脚步急促的城市之中，依然一个人生活。我也曾经憧憬过，后来没结果。\n</p>\n<p>\n    <br/>\n</p>', 15, NULL, 'upload/17-11-14/15106522485349car2.jpg', '2017-11-18 01:45:27', 15, 321, 3, '1'),
(8, '对不起，是我没有好好珍惜', '<p>\n    昨天下午到了今天早上，看了五六个小时的各种报道和分析，写了一篇不支持签名判陈世峰死刑的文章，三四千字，终究没有发，为什么？我不敢发。\n</p>\n<p>\n    <br/>\n</p>\n<p>\n    是的，我不敢，当一篇仅仅是客观表达自己观点的文章被上千条评论围攻，当一个只是想说说想法的作者被数百条简信谩骂，我再也没有勇气去发，网络暴力可以杀人，也可以杀死一个表达者的心。\n</p>\n<p>\n    <br/>\n</p>\n<p>\n    当布鲁诺说太阳才是中心时，他被烧死了，当苏格拉底和众人不同时，他也死了，当然，我不是哥白尼，更无法和苏格拉底相比，但我们被处死的理由有什么不同吗？没有，都是因为我和大部分人想的不同而已，并不是因为我的想法对错。\n</p>\n<p>\n    <br/>\n</p>\n<p>\n    当你对一个东西在开始的时候就带着一种偏见，那你就不该去了解，接近这个东西。这样只会让你痛苦。\n</p>\n<p>\n    <br/>\n</p>\n<p>\n    撤回重点，无论你们如何评论，谩骂也罢，侮辱也罢，粗俗无耻的评论只会拉低你的人格，加重我对你的鄙视，除此之外，别无它用。最后就江歌案谈谈几个观点。\n</p>\n<p>\n    <br/>\n</p>', 15, NULL, 'upload/17-11-14/15106547379715car1.jpg', '2017-11-18 01:45:32', 15, 111, 3, '1'),
(12, '随遇而安，感恩遇见', '<p>\n    孟非写过一本书叫《随遇而安》，没有读过，但觉得这个书名很有意境。人生路，漫漫长，几多相遇，几多别离；不强求，勿悲伤，几多淡然，几多潇洒。\n</p>\n<p>\n    &nbsp; &nbsp; 遇见父母，感恩生命。父母赐与生命，让我们能来到世间，享受人世繁华。可父母却不曾为我们设定未来。父母富裕，则路途坦荡；父母平凡，则多许努力。这是一个干得好，不如爹好的年代。曾有一篇文章《我要奋斗几十年，才能坐下来和你喝咖啡》，述说一名农家孩子要奋斗几十年，优秀几十年，才能和一个富裕家庭的城市孩子平坐喝咖啡。世事如此，现实哉；父母如此，勿怪哉。不论生来贫穷，还是富贵，父母都已尽了他们的努力，我们除了感恩，就是自我努力。\n</p>\n<p>\n    <br/>\n</p>', 15, NULL, 'upload/17-11-18/151097112319281.jpg', '2017-11-18 02:22:33', 14, 12, 3, '1'),
(14, '故乡冬日印象', '<p>&nbsp;人在南国，又正值冬日，便时时有人问我北国的冬天是什么样子？每逢此时，我便回答说，要比这里冷的多，看不到绿叶，更看不到花朵，土地开裂，冰封三尺，天空低沉而黯淡，若是晴天，太阳便恰似贴在天上的一张白纸，苍白的没有一丝气力。他们惊诧，摇头，眼神里带着一丝怀疑，我笑，对他们的惊疑不作反应。<br/><br/>天知道，我所说的北方冬天的景象，一点也不夸张，土生土长的南方人，不去北国，是无法体验到北方冬的凛冽的，也就更无法感受到那凛冽中的情趣和美丽。<br/><br/>北国的冬天，或者是满眼的枯黄，或者是遍野的白雪，尤其在我的家乡，万里广袤平原，灰蒙蒙低沉的天空下，没有郁郁葱葱的绿，到处是棕褐色的枯黄，一些庄稼早已收割，即使是那耐寒的小麦，也脸色灰黑地匍匐在地，偶尔的一线绿，只是让人知道他们还活着罢了，而那灰黑、绿色中夹杂着的枯黄，却是让人揪心，让人担心是不是有一天它们也会死去？但是它们却毫不在意，依然默默，在隆冬时节，它们只顾默默地生存，它们无时不在诉说着冬的残酷和生命的坚韧。<br/></p><p><br/></p>', 16, NULL, 'upload/17-12-10/15128945524105wenz1.jpg', '2017-12-10 08:29:32', 12, 11, 3, '1'),
(15, '梧桐花里的记忆', '<p>末班地铁，空空荡荡，几乎没有什么人，一眼就可以看穿几节车厢。我拖着疲惫不堪的身子，蜷缩在空无一人的排椅上，迷迷糊糊中闭上了眼睛，耳朵里除了地铁轮子，有节奏的碾压着轨道声音外，听不到任何的杂音。</p><p><br/></p><p>忽然，似睡非睡的我，闻到了一股淡淡的梧桐树上的花香。接着听到一个高跟鞋的声音，由远至近，踏着我敏感的神经，缓缓的从身旁经过。我懒得睁开眼睛去看那道风景，却嗅着鼻子追赶着，刚刚飘然而过，那股醉人的梧桐花的香气。</p><p><br/></p><p>片刻，梧桐花的幽香，渐渐的淡去，无声无息的消散在空旷的车厢里。但它却勾起了，我心中珍藏着的那个难以忘怀的秘密。爱可以消失，也可以卷土重来，但我不知道这段路程有多远，几月？几年？还是一生？我从来都不会在无奈中等待，而是在摔倒中追逐，在默默地奉献中，欣赏着她卓越的品质。</p><p><br/></p>', 16, NULL, 'upload/17-12-10/15128947738587wenz2.jpg', '2017-12-10 08:33:48', 14, 2, 3, '1'),
(10, '1', '<p>1</p>', 15, NULL, 'upload/17-11-14/15106719133719car2.jpg', '2017-11-14 15:17:45', 15, 11, 2, '2'),
(11, '王企鹅', '<p>请问</p>', 15, NULL, 'upload/17-11-14/15106724114956car1.jpg', '2017-11-14 15:17:39', 14, 11, 2, '2'),
(17, '像她这样扒光自己，谁敢说低级', '<p>昨天下午到了今天早上，看了五六个小时的各种报道和分析，写了一篇不支持签名判陈世峰死刑的文章，三四千字，终究没有发，为什么？我不敢发。</p><p><br/></p><p>是的，我不敢，当一篇仅仅是客观表达自己观点的文章被上千条评论围攻，当一个只是想说说想法的作者被数百条简信谩骂，我再也没有勇气去发，网络暴力可以杀人，也可以杀死一个表达者的心。</p><p><br/></p><p>当布鲁诺说太阳才是中心时，他被烧死了，当苏格拉底和众人不同时，他也死了，当然，我不是哥白尼，更无法和苏格拉底相比，但我们被处死的理由有什么不同吗？没有，都是因为我和大部分人想的不同而已，并不是因为我的想法对错。</p><p><br/></p><p>当你对一个东西在开始的时候就带着一种偏见，那你就不该去了解，接近这个东西。这样只会让你痛苦。</p><p><br/></p><p>撤回重点，无论你们如何评论，谩骂也罢，侮辱也罢，粗俗无耻的评论只会拉低你的人格，加重我对你的鄙视，除此之外，别无它用。最后就江歌案谈谈几个观点。</p><p><br/></p>', 15, NULL, 'upload/17-12-10/15128954263436wenz7.jpg', '2017-12-10 08:43:47', 15, 111, 3, '1'),
(18, '今年最好看的影片是一部动画片，还是一部鬼片儿', '<p>前些天，我收到一条很暖的读者留言，发送的时间是03:34。</p><p>梦中惊醒，突然很想念你的文字，打开你微信看了一下，淡定了一下心情，继续睡去。你永远不知道，你会用怎样不经意的方式影响别人的一生，哪怕是一瞬间的心动。</p><p>说真的，我看哭了。这样的感动不可多得，平日里，只有那些数学基础薄弱，但因为我是他们的数学老师，深夜了还在解题的学生能给到。</p><p>缘分是一种很微妙的东西，就像一辆刹车失灵后向你驶来的车，早走一步晚走一步，都不会迎头撞上。</p><p>如果说这些年我的生命里还有一丝亮色，那么就只剩下这个公众号了，尽管我知道，最终它也会像我曾遇见过的那些生命亮色一样消失无踪。</p><p>我是一个以悲凉为底色的人，常常找不到存在的意义，不知道为什么要活着，但凡生命里遇到一点点感动，都会紧紧攥住。</p><p>一个人开车的时候，我喜欢听杨宗纬的《其实都没有》，歌词唱的全是我的心情：</p><p>我在脚步急促的城市之中，依然一个人生活。我也曾经憧憬过，后来没结果。</p><p><br/></p>', 15, NULL, 'upload/17-12-10/15128954363947wenz5.jpg', '2017-12-10 08:43:57', 15, 321, 3, '1'),
(19, '三生三世', '<p>三生三世</p>', 15, NULL, 'upload/18-01-03/151496674972182.png', '2018-01-03 08:06:03', 15, 33, 2, ''),
(20, '123123', '<p>123123</p>', 15, NULL, 'upload/18-01-03/15149673575754goods_dispaly.png;upload/18-01-03/15149674566904goods_dispaly.png', '2018-01-03 08:17:38', 15, 11, 2, '');

-- --------------------------------------------------------

--
-- 表的结构 `good`
--

CREATE TABLE IF NOT EXISTS `good` (
  `gid` int(11) NOT NULL AUTO_INCREMENT,
  `uid` int(11) DEFAULT NULL,
  `conid` int(11) DEFAULT NULL,
  PRIMARY KEY (`gid`)
) ENGINE=MyISAM  DEFAULT CHARSET=utf8 AUTO_INCREMENT=10 ;

--
-- 转存表中的数据 `good`
--

INSERT INTO `good` (`gid`, `uid`, `conid`) VALUES
(3, 7, 6),
(5, 8, 6),
(8, 5, 12);

-- --------------------------------------------------------

--
-- 表的结构 `hits`
--

CREATE TABLE IF NOT EXISTS `hits` (
  `hid` int(11) NOT NULL AUTO_INCREMENT,
  `conid` int(11) DEFAULT NULL,
  PRIMARY KEY (`hid`)
) ENGINE=MyISAM  DEFAULT CHARSET=utf8 AUTO_INCREMENT=342 ;

--
-- 转存表中的数据 `hits`
--

INSERT INTO `hits` (`hid`, `conid`) VALUES
(1, 6),
(6, 7),
(3, 7),
(5, 6),
(7, 7),
(8, 8),
(9, 8),
(10, 8),
(11, 8),
(12, 12),
(13, 6),
(14, 6),
(15, 6),
(16, 6),
(17, 6),
(18, 6),
(19, 6),
(20, 6),
(21, 6),
(22, 7),
(23, 6),
(24, 6),
(25, 6),
(26, 6),
(27, 6),
(28, 6),
(29, 6),
(30, 6),
(31, 6),
(32, 6),
(33, 6),
(34, 6),
(35, 6),
(36, 6),
(37, 6),
(38, 6),
(39, 6),
(40, 6),
(41, 6),
(42, 6),
(43, 6),
(44, 6),
(45, 6),
(46, 6),
(47, 6),
(48, 6),
(49, 6),
(50, 6),
(51, 6),
(52, 6),
(53, 6),
(54, 6),
(55, 6),
(56, 7),
(57, 7),
(58, 7),
(59, 7),
(60, 7),
(61, 7),
(62, 7),
(63, 7),
(64, 7),
(65, 7),
(66, 7),
(67, 7),
(68, 7),
(69, 7),
(70, 7),
(71, 7),
(72, 7),
(73, 7),
(74, 7),
(75, 7),
(76, 6),
(77, 6),
(78, 6),
(79, 6),
(80, 6),
(81, 6),
(82, 6),
(83, 6),
(84, 6),
(85, 6),
(86, 6),
(87, 6),
(88, 6),
(89, 6),
(90, 6),
(91, 6),
(92, 6),
(93, 6),
(94, 6),
(95, 6),
(96, 6),
(97, 6),
(98, 6),
(99, 6),
(100, 6),
(101, 6),
(102, 6),
(103, 6),
(104, 6),
(105, 6),
(106, 6),
(107, 6),
(108, 6),
(109, 6),
(110, 6),
(111, 6),
(112, 6),
(113, 6),
(114, 6),
(115, 6),
(116, 6),
(117, 6),
(118, 6),
(119, 6),
(120, 6),
(121, 6),
(122, 6),
(123, 6),
(124, 6),
(125, 6),
(126, 6),
(127, 6),
(128, 6),
(129, 6),
(130, 6),
(131, 6),
(132, 6),
(133, 7),
(134, 7),
(135, 7),
(136, 7),
(137, 7),
(138, 7),
(139, 7),
(140, 7),
(141, 7),
(142, 7),
(143, 7),
(144, 7),
(145, 7),
(146, 7),
(147, 7),
(148, 7),
(149, 7),
(150, 7),
(151, 7),
(152, 7),
(153, 7),
(154, 7),
(155, 7),
(156, 7),
(157, 7),
(158, 7),
(159, 7),
(160, 7),
(161, 7),
(162, 7),
(163, 7),
(164, 7),
(165, 7),
(166, 7),
(167, 7),
(168, 7),
(169, 7),
(170, 7),
(171, 7),
(172, 7),
(173, 7),
(174, 7),
(175, 7),
(176, 7),
(177, 7),
(178, 7),
(179, 7),
(180, 7),
(181, 7),
(182, 7),
(183, 7),
(184, 7),
(185, 7),
(186, 7),
(187, 7),
(188, 7),
(189, 7),
(190, 7),
(191, 12),
(192, 12),
(193, 7),
(194, 7),
(195, 7),
(196, 7),
(197, 7),
(198, 7),
(199, 7),
(200, 7),
(201, 7),
(202, 7),
(203, 7),
(204, 7),
(205, 7),
(206, 7),
(207, 7),
(208, 7),
(209, 7),
(210, 7),
(211, 7),
(212, 7),
(213, 7),
(214, 7),
(215, 7),
(216, 7),
(217, 8),
(218, 8),
(219, 8),
(220, 8),
(221, 8),
(222, 8),
(223, 8),
(224, 8),
(225, 8),
(226, 8),
(227, 8),
(228, 8),
(229, 8),
(230, 8),
(231, 8),
(232, 8),
(233, 8),
(234, 8),
(235, 8),
(236, 8),
(237, 8),
(238, 8),
(239, 8),
(240, 8),
(241, 8),
(242, 8),
(243, 8),
(244, 8),
(245, 8),
(246, 8),
(247, 8),
(248, 8),
(249, 8),
(250, 8),
(251, 6),
(252, 6),
(253, 6),
(254, 6),
(255, 6),
(256, 6),
(257, 6),
(258, 6),
(259, 6),
(260, 6),
(261, 6),
(262, 12),
(263, 8),
(264, 8),
(265, 8),
(266, 8),
(267, 8),
(268, 8),
(269, 8),
(270, 8),
(271, 8),
(272, 8),
(273, 8),
(274, 8),
(275, 8),
(276, 8),
(277, 8),
(278, 8),
(279, 8),
(280, 8),
(281, 8),
(282, 8),
(283, 6),
(284, 12),
(285, 6),
(286, 12),
(287, 12),
(288, 12),
(289, 12),
(290, 12),
(291, 12),
(292, 12),
(293, 12),
(294, 12),
(295, 12),
(296, 12),
(297, 12),
(298, 12),
(299, 12),
(300, 12),
(301, 12),
(302, 6),
(303, 6),
(304, 6),
(305, 6),
(306, 6),
(307, 6),
(308, 6),
(309, 6),
(310, 7),
(311, 8),
(312, 12),
(313, 6),
(314, 6),
(315, 6),
(316, 6),
(317, 7),
(318, 12),
(319, 8),
(320, 8),
(321, 6),
(322, 14),
(323, 6),
(324, 6),
(325, 6),
(326, 17),
(327, 6),
(328, 6),
(329, 6),
(330, 6),
(331, 6),
(332, 8),
(333, 6),
(334, 6),
(335, 12),
(336, 6),
(337, 7),
(338, 6),
(339, 6),
(340, 12),
(341, 6);

-- --------------------------------------------------------

--
-- 表的结构 `level`
--

CREATE TABLE IF NOT EXISTS `level` (
  `lid` int(11) NOT NULL AUTO_INCREMENT,
  `lname` varchar(32) DEFAULT NULL,
  `messagenum` varchar(20) DEFAULT NULL COMMENT '对留言的权限',
  `connum` varchar(20) DEFAULT NULL COMMENT '对内容的权限',
  `adminnum` varchar(20) NOT NULL COMMENT '管理员权限',
  PRIMARY KEY (`lid`)
) ENGINE=MyISAM  DEFAULT CHARSET=utf8 AUTO_INCREMENT=4 ;

--
-- 转存表中的数据 `level`
--

INSERT INTO `level` (`lid`, `lname`, `messagenum`, `connum`, `adminnum`) VALUES
(1, '超级管理员', '1,2,3,4', '1,2,3,4', '1,2,3,4'),
(2, '编辑人员', '3,4', '3,4', '3,4'),
(3, '普通管理员', '4', '4', '4');

-- --------------------------------------------------------

--
-- 表的结构 `message`
--

CREATE TABLE IF NOT EXISTS `message` (
  `mid` int(11) NOT NULL AUTO_INCREMENT,
  `uid1` int(11) DEFAULT NULL COMMENT '留言者',
  `uid2` int(11) DEFAULT NULL COMMENT '被留言者',
  `conid` int(11) DEFAULT NULL COMMENT '给哪条内容留言',
  `mcon` varchar(255) DEFAULT NULL COMMENT '留言的内容',
  `state` int(11) DEFAULT NULL,
  `mdate` timestamp NOT NULL DEFAULT CURRENT_TIMESTAMP,
  PRIMARY KEY (`mid`)
) ENGINE=MyISAM  DEFAULT CHARSET=utf8 AUTO_INCREMENT=101 ;

--
-- 转存表中的数据 `message`
--

INSERT INTO `message` (`mid`, `uid1`, `uid2`, `conid`, `mcon`, `state`, `mdate`) VALUES
(1, 5, 15, 7, '你好，继续努力', 0, '2017-11-19 07:06:58'),
(2, 5, 15, 7, '做到最好', 0, '2017-11-19 07:08:05'),
(3, 5, 15, 8, 'hello', 0, '2017-11-19 07:08:46'),
(4, 5, 15, 6, '你好，我叫张三，请多多指教', 0, '2017-11-19 07:44:45'),
(5, 5, 15, 6, '继续努力，做到最好', 0, '2017-11-19 07:52:32'),
(93, 6, 15, 8, '哈尔饿了', 92, '2017-11-21 03:05:38'),
(92, 6, 15, 8, '你好', 0, '2017-11-21 03:05:31'),
(91, 6, 15, 8, '哈哈哈', 90, '2017-11-21 01:19:28'),
(90, 6, 15, 8, '啦啦啦', 0, '2017-11-21 01:19:14'),
(89, 6, 15, 7, '阿萨德', 0, '2017-11-20 16:55:03'),
(88, 6, 15, 7, '75', 0, '2017-11-20 16:51:56'),
(87, 6, 15, 7, '666', 0, '2017-11-20 16:50:52'),
(86, 6, 15, 7, '555', 0, '2017-11-20 16:48:43'),
(85, 6, 15, 7, 'hello', 0, '2017-11-20 16:32:12'),
(94, 6, 15, 6, '你好', 4, '2017-11-21 03:17:43'),
(95, 5, 15, 12, '留言功能实现', 0, '2017-12-06 11:26:37'),
(96, 5, 15, 12, '你好', 0, '2017-12-06 11:29:13'),
(97, 5, 15, 12, '哈哈哈', 0, '2017-12-06 11:30:21'),
(98, 5, 15, 12, '你好呀', 0, '2017-12-06 11:36:38'),
(99, 5, 15, 12, '还存在一点问题', 95, '2017-12-06 11:36:58'),
(100, 5, 15, 12, '@张三:123321', 95, '2017-12-06 11:37:21');

-- --------------------------------------------------------

--
-- 表的结构 `myaccount`
--

CREATE TABLE IF NOT EXISTS `myaccount` (
  `selfid` int(11) NOT NULL AUTO_INCREMENT,
  `uid` int(11) DEFAULT NULL,
  `conid` int(11) DEFAULT NULL,
  `money` int(11) DEFAULT NULL,
  `date` timestamp NULL DEFAULT CURRENT_TIMESTAMP ON UPDATE CURRENT_TIMESTAMP,
  PRIMARY KEY (`selfid`)
) ENGINE=MyISAM DEFAULT CHARSET=utf8 AUTO_INCREMENT=1 ;

-- --------------------------------------------------------

--
-- 表的结构 `position`
--

CREATE TABLE IF NOT EXISTS `position` (
  `pid` int(11) NOT NULL AUTO_INCREMENT,
  `pname` varchar(20) DEFAULT NULL,
  PRIMARY KEY (`pid`)
) ENGINE=MyISAM  DEFAULT CHARSET=utf8 AUTO_INCREMENT=3 ;

--
-- 转存表中的数据 `position`
--

INSERT INTO `position` (`pid`, `pname`) VALUES
(1, '热门'),
(2, '推荐');

-- --------------------------------------------------------

--
-- 表的结构 `role`
--

CREATE TABLE IF NOT EXISTS `role` (
  `rid` int(11) NOT NULL AUTO_INCREMENT,
  `rname` varchar(30) DEFAULT NULL,
  `connum` int(11) NOT NULL,
  `conlevel` tinyint(2) NOT NULL,
  PRIMARY KEY (`rid`)
) ENGINE=MyISAM  DEFAULT CHARSET=utf8 AUTO_INCREMENT=6 ;

--
-- 转存表中的数据 `role`
--

INSERT INTO `role` (`rid`, `rname`, `connum`, `conlevel`) VALUES
(1, '普通用户', 0, 1),
(2, '黄金用户', 100, 2),
(3, '白金用户', 200, 3);

-- --------------------------------------------------------

--
-- 表的结构 `state`
--

CREATE TABLE IF NOT EXISTS `state` (
  `stid` int(11) NOT NULL AUTO_INCREMENT,
  `stname` varchar(20) NOT NULL,
  PRIMARY KEY (`stid`)
) ENGINE=MyISAM  DEFAULT CHARSET=utf8 AUTO_INCREMENT=5 ;

--
-- 转存表中的数据 `state`
--

INSERT INTO `state` (`stid`, `stname`) VALUES
(1, '保存'),
(2, '审核中'),
(3, '发布'),
(4, '禁用');

-- --------------------------------------------------------

--
-- 表的结构 `user`
--

CREATE TABLE IF NOT EXISTS `user` (
  `uid` int(11) NOT NULL AUTO_INCREMENT,
  `uname` varchar(30) DEFAULT NULL,
  `upass` varchar(32) DEFAULT NULL,
  `unick` varchar(32) DEFAULT NULL,
  `uhead` varchar(255) DEFAULT NULL,
  `ulevel` tinyint(2) DEFAULT NULL,
  `regdate` timestamp NULL DEFAULT CURRENT_TIMESTAMP ON UPDATE CURRENT_TIMESTAMP,
  `uphone` varchar(15) DEFAULT NULL,
  PRIMARY KEY (`uid`)
) ENGINE=MyISAM  DEFAULT CHARSET=utf8 AUTO_INCREMENT=17 ;

--
-- 转存表中的数据 `user`
--

INSERT INTO `user` (`uid`, `uname`, `upass`, `unick`, `uhead`, `ulevel`, `regdate`, `uphone`) VALUES
(6, '王康', '96e79218965eb72c92a549dd5a330112', 'zhangsan', '<p><img src="/ueditor/php/upload/image/20171107/1510053942593709.jpg" title="1510053942593709.jpg" alt="car2.jpg"/></p>', 1, '2017-12-09 09:24:17', '15935412153'),
(5, '卢峰', '96e79218965eb72c92a549dd5a330112', '张三', '<p><img src="/ueditor/php/upload/image/20171107/1510050467335002.jpg" title="1510050467335002.jpg" alt="car1.jpg"/></p>', 2, '2017-12-09 09:24:32', '15935412153'),
(7, '陈国兴', '96e79218965eb72c92a549dd5a330112', '李四', '<p><img src="/ueditor/php/upload/image/20171107/1510051547123320.jpg" title="1510051547123320.jpg" alt="logo.jpg"/></p>', 3, '2017-12-09 09:24:44', '15935412153'),
(8, '阮玉玺', '96e79218965eb72c92a549dd5a330112', '王五', '<p><img src="/ueditor/php/upload/image/20171107/1510051586634073.png" title="1510051586634073.png" alt="myhead.png"/></p>', 1, '2017-12-09 09:24:55', '15935412153'),
(9, '魏岳峰', '96e79218965eb72c92a549dd5a330112', '薛之谦', '<p><img src="/ueditor/php/upload/image/20171107/1510051639228584.jpg" title="1510051639228584.jpg" alt="car1.jpg"/></p>', 2, '2017-12-09 09:25:08', '15935412153'),
(14, '李浩杰', '96e79218965eb72c92a549dd5a330112', '', '', 1, '2017-12-09 09:26:24', '15935412153'),
(13, '王亚楠', '96e79218965eb72c92a549dd5a330112', '', '', 1, '2017-12-09 09:25:45', '15935412153'),
(15, '张聪', '96e79218965eb72c92a549dd5a330112', '', '', 3, '2017-12-09 09:26:16', '15935412153'),
(16, '薄婷', '96e79218965eb72c92a549dd5a330112', '', '', 1, '2017-11-20 14:01:08', '18404968076');

/*!40101 SET CHARACTER_SET_CLIENT=@OLD_CHARACTER_SET_CLIENT */;
/*!40101 SET CHARACTER_SET_RESULTS=@OLD_CHARACTER_SET_RESULTS */;
/*!40101 SET COLLATION_CONNECTION=@OLD_COLLATION_CONNECTION */;
